id,Dataset Size,WikiRank Score,Diversity Score,Final Score
0,1934,59.01489896587383,0.6483121178814858,61.92305537701121
